<?xml version="1.0" encoding="UTF-8"?>
<beans xmlns="http://www.springframework.org/schema/beans"
	xmlns:xsi="http://www.w3.org/2001/XMLSchema-instance"
	xsi:schemaLocation="http://www.springframework.org/schema/beans
   http://www.springframework.org/schema/beans/spring-beans-3.0.xsd">

	<bean id="ds" class="org.springframework.jdbc.datasource.DriverManagerDataSource">
		<property name="driverClassName" value="com.mysql.jdbc.Driver"></property>
		<property name="url" value="jdbc:mysql://localhost:3306/shoppingcart1"></property>
		<property name="username" value="root"></property>
		<property name="password" value="2128"></property>
	</bean>

	<bean id="sf" class="org.springframework.orm.hibernate3.annotation.AnnotationSessionFactoryBean">
		<property name="dataSource" ref="ds"></property>
		<property name="packagesToScan" value="com.advancejava.ShoppingCartApplication"></property>
		<property name="hibernateProperties">
			<props>
				<prop key="hibernate.dialect">org.hibernate.dialect.MYSQLDialect</prop>
				<prop key="hibernate.hbm2ddl.auto">update</prop>
				<prop key="hibernate.show_sql">true</prop>
			</props>
		</property>
	</bean>
	
	<bean id="template" class="org.springframework.orm.hibernate3.HibernateTemplate">
		<property name="SessionFactory" ref="sf"></property>
	</bean>
	
	<bean id="productDao" class="com.advancejava.ShoppingCartApplication.dao.ProductDAO">
		<property name="temp" ref="template"></property>
	</bean>
	
	<bean id="productBean" class="com.advancejava.ShoppingCartApplication.dao.Product">
		<property name="id" value="101"></property>
		<property name="name" value="Laptop"></property>
		<property name="price" value="25000.00"></property>
		<property name="quantity" value="10"></property>
	</bean>

</beans>